{
    "schemaVersion": "1.0.0",
    "readme": "",
    "modules": [
        {
            "kind": "javascript-module",
            "path": "src/main.js",
            "declarations": [
                {
                    "kind": "class",
                    "description": "",
                    "name": "DoubleTables",
                    "members": [
                        {
                            "kind": "field",
                            "name": "#productMetrics",
                            "privacy": "private",
                            "type": {
                                "text": "array"
                            },
                            "default": "[]"
                        },
                        {
                            "kind": "field",
                            "name": "#accounts",
                            "privacy": "private",
                            "type": {
                                "text": "array"
                            },
                            "default": "[]"
                        },
                        {
                            "kind": "field",
                            "name": "#reachTier1",
                            "privacy": "private",
                            "type": {
                                "text": "number"
                            },
                            "default": "0"
                        },
                        {
                            "kind": "field",
                            "name": "#reachTier2",
                            "privacy": "private",
                            "type": {
                                "text": "number"
                            },
                            "default": "0"
                        },
                        {
                            "kind": "field",
                            "name": "#reachTier3",
                            "privacy": "private",
                            "type": {
                                "text": "number"
                            },
                            "default": "0"
                        },
                        {
                            "kind": "field",
                            "name": "#reachOthers",
                            "privacy": "private",
                            "type": {
                                "text": "number"
                            },
                            "default": "0"
                        },
                        {
                            "kind": "field",
                            "name": "#cpaTier1",
                            "privacy": "private",
                            "type": {
                                "text": "number"
                            },
                            "default": "0"
                        },
                        {
                            "kind": "field",
                            "name": "#cpaTier2",
                            "privacy": "private",
                            "type": {
                                "text": "number"
                            },
                            "default": "0"
                        },
                        {
                            "kind": "field",
                            "name": "#cpaTier3",
                            "privacy": "private",
                            "type": {
                                "text": "number"
                            },
                            "default": "0"
                        },
                        {
                            "kind": "field",
                            "name": "#cpaOthers",
                            "privacy": "private",
                            "type": {
                                "text": "number"
                            },
                            "default": "0"
                        },
                        {
                            "kind": "field",
                            "name": "productMetrics",
                            "type": {
                                "text": "Array<{ id: string, tier: string, account: string }>"
                            }
                        },
                        {
                            "kind": "field",
                            "name": "accounts",
                            "type": {
                                "text": "Array<{ id: string, name: string, masterAccountName: string, onMedicalPlan: string, calls: number }>"
                            }
                        },
                        {
                            "kind": "field",
                            "name": "reachTier1",
                            "type": {
                                "text": "number"
                            }
                        },
                        {
                            "kind": "field",
                            "name": "reachTier2",
                            "type": {
                                "text": "number"
                            }
                        },
                        {
                            "kind": "field",
                            "name": "reachTier3",
                            "type": {
                                "text": "number"
                            }
                        },
                        {
                            "kind": "field",
                            "name": "reachOthers",
                            "type": {
                                "text": "number"
                            }
                        },
                        {
                            "kind": "field",
                            "name": "cpaTier1",
                            "type": {
                                "text": "number"
                            }
                        },
                        {
                            "kind": "field",
                            "name": "cpaTier2",
                            "type": {
                                "text": "number"
                            }
                        },
                        {
                            "kind": "field",
                            "name": "cpaTier3",
                            "type": {
                                "text": "number"
                            }
                        },
                        {
                            "kind": "field",
                            "name": "cpaOthers",
                            "type": {
                                "text": "number"
                            }
                        }
                    ],
                    "superclass": {
                        "name": "HTMLElement"
                    },
                    "tagName": "double-table",
                    "customElement": true
                }
            ],
            "exports": [
                {
                    "kind": "custom-element-definition",
                    "name": "double-table",
                    "declaration": {
                        "name": "DoubleTables",
                        "module": "src/main.js"
                    }
                }
            ]
        }
    ]
}